Workbook

Sheet 요약
A1: MIDI-GPT 생성 평가 — 악기별 평균 (BabySlakh 20곡)
A3: 악기 | B3: 곡 수 | C3: CP ↑ | D3: CP활성 ↑ | E3: PCHE차이 ↓ | F3: PCH유사 ↑ | G3: GS차이 ↓ | H3: GS일치 ↑ | I3: 마디당 음 (원) | J3: 마디당 음 (생) | K3: 빈 마디 (원) | L3: 빈 마디 (생)
A4: 피아노 | B4: =COUNT('피아노'!B2:B21) | C4: ='피아노'!B22 | D4: ='피아노'!C22 | E4: ='피아노'!D22 | F4: ='피아노'!E22 | G4: ='피아노'!F22 | H4: ='피아노'!G22 | I4: ='피아노'!H22 | J4: ='피아노'!I22 | ... L4: ='피아노'!K22
A5: 기타 | B5: =COUNT('기타'!B2:B21) | C5: ='기타'!B22 | D5: ='기타'!C22 | E5: ='기타'!D22 | F5: ='기타'!E22 | G5: ='기타'!F22 | H5: ='기타'!G22 | I5: ='기타'!H22 | J5: ='기타'!I22 | ... L5: ='기타'!K22
A6: 베이스 | B6: =COUNT('베이스'!B2:B21) | C6: ='베이스'!B22 | D6: ='베이스'!C22 | E6: ='베이스'!D22 | F6: ='베이스'!E22 | G6: ='베이스'!F22 | H6: ='베이스'!G22 | I6: ='베이스'!H22 | J6: ='베이스'!I22 | ... L6: ='베이스'!K22
A7: 드럼 | B7: =COUNT('드럼'!B2:B21) | C7: – | D7: – | E7: – | F7: – | G7: ='드럼'!B22 | H7: ='드럼'!C22 | I7: ='드럼'!E22 | J7: ='드럼'!F22 | K7: ='드럼'!G22 | L7: ='드럼'!H22
A10: 읽는 법
A11: · CP: 코드(화성) 일치도, MIDI-RWKV 정의. CP활성: 원래 파트가 소리 나는 구간에서만 계산
A12: · PCHE차이: 음이름 분포 엔트로피(조성감) 차이. PCH유사: 음이름 분포 코사인 유사도
A13: · GS차이: 리듬 일관성(Groove Consistency) 차이. GS일치: 같은 마디의 음 시작 위치 일치도
A14: · F1·Jaccard는 원곡 복원도라 생성 모델에는 참고용 (낮아도 정상, 베끼지 않았다는 뜻)
A15: · 드럼은 음 높이가 타악기 종류라 CP·PCHE·PCH 계산 안 함
A16: · 원래 파트 빈 마디가 많은 곡은 CP가 낮게 나옴 → CP활성 기준으로 해석
A17: · 생성 쪽 빈 마디는 GS를 부풀리고 CP를 낮춤 (긴 곡·트랙 많을 때 토큰 한계 영향)
A18: · 빈칸: 베이스 Track00017(원곡에 베이스 없음), 드럼 Track00008(생성 실패)
A19: · 네 악기 고르게 괜찮은 곡: Track00001, 00008, 00010, 00011

Sheet 피아노
A1: 곡 | B1: CP ↑ | C1: CP활성 ↑ | D1: PCHE차이 ↓ | E1: PCH유사 ↑ | F1: GS차이 ↓ | G1: GS일치 ↑ | H1: 마디당 음 (원) | I1: 마디당 음 (생) | J1: 빈 마디 (원) | K1: 빈 마디 (생)
A2: Track00001 | B2: 0.3171 | C2: 0.3596 | D2: 0.4273 | E2: 0.7093 | F2: 0.0716 | G2: 0.8948 | H2: 5.0759 | I2: 4.8354 | J2: 4 | K2: 14
A3: Track00002 | B3: 0.0527 | C3: 0.1143 | D3: 1.9107 | E3: 0.2937 | F3: 0.0228 | G3: 0.9127 | H3: 5.163 | I3: 2.0978 | J3: 28 | K3: 0
A4: Track00003 | B4: 0.1992 | C4: 0.2113 | D4: 0.1904 | E4: 0.8609 | F4: 0.1592 | G4: 0.7961 | H4: 14.8095 | I4: 5.0833 | J4: 6 | K4: 45
A5: Track00004 | B5: 0.1394 | C5: 0.2558 | D5: 0.5649 | E5: 0.7905 | F5: 0.0153 | G5: 0.9117 | H5: 3.1019 | I5: 2.4074 | J5: 50 | K5: 3
A6: Track00005 | B6: 0.2957 | C6: 0.3 | D6: 0.048 | E6: 0.8912 | F6: 0.1109 | G6: 0.7146 | H6: 23.5385 | I6: 3.5604 | J6: 3 | K6: 31
A7: Track00006 | B7: 0.4263 | C7: 0.4865 | D7: 0.1885 | E7: 0.9112 | F7: 0.1006 | G7: 0.8218 | H7: 10.0938 | I7: 5.125 | J7: 7 | K7: 1
A8: Track00007 | B8: 0.3617 | C8: 0.3616 | D8: 0.5368 | E8: 0.6581 | F8: 0.1673 | G8: 0.7472 | H8: 19.8068 | I8: 4.2386 | J8: 1 | K8: 18
A9: Track00008 | B9: 0.4329 | C9: 0.4478 | D9: 0.1116 | E9: 0.9658 | F9: 0.0429 | G9: 0.7684 | H9: 37.1373 | I9: 8.3529 | J9: 2 | K9: 16
A10: Track00009 | B10: 0.1367 | C10: 0.1738 | D10: 0.8001 | E10: 0.3267 | F10: 0.1348 | G10: 0.7856 | H10: 12.875 | I10: 3.25 | J10: 15 | K10: 1
A11: Track00010 | B11: 0.3738 | C11: 0.5346 | D11: 0.0015 | E11: 0.959 | F11: 0.0228 | G11: 0.9244 | H11: 5.4865 | I11: 6.1486 | J11: 24 | K11: 14
A12: Track00011 | B12: 0.3005 | C12: 0.3242 | D12: 0.0651 | E12: 0.8126 | F12: 0.1546 | G12: 0.8766 | H12: 7.3846 | I12: 4.859 | J12: 2 | K12: 26
A13: Track00012 | B13: 0.334 | C13: 0.3769 | D13: 0.4182 | E13: 0.7223 | F13: 0.0201 | G13: 0.8337 | H13: 14.6778 | I13: 2.7222 | J13: 11 | K13: 15
... A21: Track00020 | B21: 0.2443 | C21: 0.2522 | D21: 0.1222 | E21: 0.9615 | F21: 0.0793 | G21: 0.8365 | H21: 9.792 | I21: 3.232 | J21: 4 | K21: 48
A22: 평균 | B22: =AVERAGE(B2:B21) | C22: =AVERAGE(C2:C21) | D22: =AVERAGE(D2:D21) | E22: =AVERAGE(E2:E21) | F22: =AVERAGE(F2:F21) | G22: =AVERAGE(G2:G21) | H22: =AVERAGE(H2:H21) | I22: =AVERAGE(I2:I21) | ... K22: =AVERAGE(K2:K21)
A24: ↑ 높을수록, ↓ 낮을수록 원곡에 가까움. (원)=원래 파트, (생)=MIDI-GPT 생성 파트. 출처: eval_results.csv (eval_generation.py, yellow_medium, BabySlakh 20곡)

Sheet 기타
A1: 곡 | B1: CP ↑ | C1: CP활성 ↑ | D1: PCHE차이 ↓ | E1: PCH유사 ↑ | F1: GS차이 ↓ | G1: GS일치 ↑ | H1: 마디당 음 (원) | I1: 마디당 음 (생) | J1: 빈 마디 (원) | K1: 빈 마디 (생)
A2: Track00001 | B2: 0.1466 | C2: 0.1745 | D2: 1.4069 | E2: 0.7038 | F2: 0.1677 | G2: 0.8659 | H2: 5.6456 | I2: 1.9747 | J2: 15 | K2: 0
A3: Track00002 | B3: 0.1813 | C3: 0.335 | D3: 1.4172 | E3: 0.6222 | F3: 0.0139 | G3: 0.8404 | H3: 7.7174 | I3: 2.0978 | J3: 30 | K3: 0
A4: Track00003 | B4: 0.3145 | C4: 0.3164 | D4: 0.2643 | E4: 0.921 | F4: 0.1688 | G4: 0.6589 | H4: 25.3143 | I4: 3.5048 | J4: 2 | K4: 34
A5: Track00004 | B5: 0.0239 | C5: 0.0602 | D5: 1.0686 | E5: 0.2584 | F5: 0.0062 | G5: 0.8776 | H5: 2.1667 | I5: 3.1562 | J5: 59 | K5: 6
A6: Track00005 | B6: 0.2505 | C6: 0.262 | D6: 0.2104 | E6: 0.9283 | F6: 0.1653 | G6: 0.7447 | H6: 22.6145 | I6: 4.5181 | J6: 4 | K6: 40
A7: Track00006 | B7: 0.1382 | C7: 0.2895 | D7: 0.7842 | E7: 0.7025 | F7: 0.1343 | G7: 0.835 | H7: 5.4375 | I7: 4.3438 | J7: 28 | K7: 2
A8: Track00007 | B8: 0.3729 | C8: 0.3707 | D8: 0.3534 | E8: 0.9093 | F8: 0.0975 | G8: 0.7858 | H8: 10.7108 | I8: 4.506 | J8: 1 | K8: 23
A9: Track00008 | B9: 0.3801 | C9: 0.4069 | D9: 0.1447 | E9: 0.9721 | F9: 0.0736 | G9: 0.8798 | H9: 8.6949 | I9: 4.8305 | J9: 2 | K9: 21
A10: Track00009 | B10: 0.0849 | C10: 0.4894 | D10: 0.014 | E10: 0.9395 | F10: 0.014 | G10: 0.8722 | H10: 5 | I10: 2.9487 | J10: 64 | K10: 5
A11: Track00010 | B11: 0.4729 | C11: 0.4796 | D11: 0.4097 | E11: 0.8102 | F11: 0.0538 | G11: 0.8575 | H11: 18.2059 | I11: 5.8676 | J11: 1 | K11: 9
A12: Track00011 | B12: 0.4597 | C12: 0.4708 | D12: 0.0581 | E12: 0.9854 | F12: 0.0142 | G12: 0.5593 | H12: 53 | I12: 6.1139 | J12: 1 | K12: 25
A13: Track00012 | B13: 0.0226 | C13: 0.0287 | D13: 1.6689 | E13: 0.0337 | F13: 0.0376 | G13: 0.6756 | H13: 15.7303 | I13: 3.7416 | J13: 19 | K13: 25
... A21: Track00020 | B21: 0.168 | C21: 0.2709 | D21: 0.3513 | E21: 0.9112 | F21: 0.0236 | G21: 0.9069 | H21: 2.8 | I21: 2.563 | J21: 15 | K21: 45
A22: 평균 | B22: =AVERAGE(B2:B21) | C22: =AVERAGE(C2:C21) | D22: =AVERAGE(D2:D21) | E22: =AVERAGE(E2:E21) | F22: =AVERAGE(F2:F21) | G22: =AVERAGE(G2:G21) | H22: =AVERAGE(H2:H21) | I22: =AVERAGE(I2:I21) | ... K22: =AVERAGE(K2:K21)
A24: ↑ 높을수록, ↓ 낮을수록 원곡에 가까움. (원)=원래 파트, (생)=MIDI-GPT 생성 파트. 출처: eval_results.csv (eval_generation.py, yellow_medium, BabySlakh 20곡)

Sheet 베이스
A1: 곡 | B1: CP ↑ | C1: CP활성 ↑ | D1: PCHE차이 ↓ | E1: PCH유사 ↑ | F1: GS차이 ↓ | G1: GS일치 ↑ | H1: 마디당 음 (원) | I1: 마디당 음 (생) | J1: 빈 마디 (원) | K1: 빈 마디 (생)
A2: Track00001 | B2: 0.562 | C2: 0.5791 | D2: 0.015 | E2: 0.925 | F2: 0.0593 | G2: 0.8762 | H2: 4.5696 | I2: 3.7722 | J2: 2 | K2: 0
A3: Track00002 | B3: 0.2244 | C3: 0.2455 | D3: 1.9038 | E3: 0.5814 | F3: 0.0228 | G3: 0.8692 | H3: 2.6196 | I3: 3.4891 | J3: 4 | K3: 8
A4: Track00003 | B4: 0.1684 | C4: 0.1676 | D4: 0.1175 | E4: 0.9771 | F4: 0.1025 | G4: 0.8271 | H4: 4.534 | I4: 3.3689 | J4: 2 | K4: 31
A5: Track00004 | B5: 0.1934 | C5: 0.2146 | D5: 0.1147 | E5: 0.8498 | F5: 0.0177 | G5: 0.8825 | H5: 2.3704 | I5: 2.3148 | J5: 5 | K5: 6
A6: Track00005 | B6: 0.2227 | C6: 0.2442 | D6: 0.0996 | E6: 0.9393 | F6: 0.1544 | G6: 0.8278 | H6: 4.4608 | I6: 1.8333 | J6: 7 | K6: 24
A7: Track00006 | B7: 0.1602 | C7: 0.1745 | D7: 0.6331 | E7: 0.4375 | F7: 0.2109 | G7: 0.8013 | H7: 5.7812 | I7: 2.7188 | J7: 5 | K7: 4
A8: Track00007 | B8: 0.3092 | C8: 0.3376 | D8: 0.1116 | E8: 0.8755 | F8: 0.0804 | G8: 0.8743 | H8: 4.2247 | I8: 3.0337 | J8: 13 | K8: 11
A9: Track00008 | B9: 0.4482 | C9: 0.4584 | D9: 0.2019 | E9: 0.9095 | F9: 0.0367 | G9: 0.933 | H9: 3.1594 | I9: 2.5797 | J9: 2 | K9: 2
A10: Track00009 | B10: 0.2199 | C10: 0.366 | D10: 0.0017 | E10: 0.979 | F10: 0.0357 | G10: 0.8257 | H10: 3.359 | I10: 3.1667 | J10: 28 | K10: 3
A11: Track00010 | B11: 0.5386 | C11: 0.5477 | D11: 0.2093 | E11: 0.9312 | F11: 0.0113 | G11: 0.915 | H11: 3.8533 | I11: 4.1733 | J11: 2 | K11: 2
A12: Track00011 | B12: 0.4519 | C12: 0.4594 | D12: 0.4668 | E12: 0.9902 | F12: 0.0464 | G12: 0.8547 | H12: 5.2088 | I12: 2.7253 | J12: 2 | K12: 18
A13: Track00012 | B13: 0.443 | C13: 0.4556 | D13: 0.071 | E13: 0.7635 | F13: 0.0562 | G13: 0.7886 | H13: 9.2809 | I13: 3.0562 | J13: 3 | K13: 16
... A17: Track00016 | B17: 0.2192 | C17: 0.2569 | D17: 0.4911 | E17: 0.6343 | F17: 0.0112 | G17: 0.8386 | H17: 5.6269 | I17: 2.7463 | J17: 6 | K17: 3
A18: Track00017 | B18: 원곡에 베이스 없음 (비교 불가)
A19: Track00018 | B19: 0.0919 | C19: 0.0999 | D19: 0.8652 | E19: 0.084 | F19: 0.0125 | G19: 0.8912 | H19: 3.3684 | I19: 2.4671 | J19: 8 | K19: 35
A20: Track00019 | B20: 0.2684 | C20: 0.2861 | D20: 0.1997 | E20: 0.9639 | F20: 0.0112 | G20: 0.7558 | H20: 7.1754 | I20: 1.7368 | J20: 10 | K20: 19
A21: Track00020 | B21: 0.2582 | C21: 0.2872 | D21: 0.0561 | E21: 0.9755 | F21: 0.0242 | G21: 0.8949 | H21: 1.9623 | I21: 1.7673 | J21: 4 | K21: 35
A22: 평균 | B22: =AVERAGE(B2:B21) | C22: =AVERAGE(C2:C21) | D22: =AVERAGE(D2:D21) | E22: =AVERAGE(E2:E21) | F22: =AVERAGE(F2:F21) | G22: =AVERAGE(G2:G21) | H22: =AVERAGE(H2:H21) | I22: =AVERAGE(I2:I21) | ... K22: =AVERAGE(K2:K21)
A24: ↑ 높을수록, ↓ 낮을수록 원곡에 가까움. (원)=원래 파트, (생)=MIDI-GPT 생성 파트. 출처: eval_results.csv (eval_generation.py, yellow_medium, BabySlakh 20곡)

Sheet 드럼
A1: 곡 | B1: GS차이 ↓ | C1: GS일치 ↑ | D1: F1 | E1: 마디당 음 (원) | F1: 마디당 음 (생) | G1: 빈 마디 (원) | H1: 빈 마디 (생)
A2: Track00001 | B2: 0.0454 | C2: 0.751 | D2: 0.0647 | E2: 14.5 | F2: 9.9194 | G2: 1 | H2: 11
A3: Track00002 | B3: 0.0018 | C3: 0.8023 | D3: 0.0899 | E3: 23.3846 | F3: 11.6923 | G3: 2 | H3: 1
A4: Track00003 | B4: 0.0559 | C4: 0.7378 | D4: 0.0056 | E4: 13.2778 | F4: 6.7111 | G4: 1 | H4: 37
A5: Track00004 | B5: 0.0131 | C5: 0.6795 | D5: 0.0699 | E5: 16.8378 | F5: 8.6757 | G5: 1 | H5: 34
A6: Track00005 | B6: 0.127 | C6: 0.5415 | D6: 0.0365 | E6: 19.9494 | F6: 5.6962 | G6: 3 | H6: 40
A7: Track00006 | B7: 0.0882 | C7: 0.7528 | D7: 0.1139 | E7: 11.8393 | F7: 10.1071 | G7: 4 | H7: 8
A8: Track00007 | B8: 0.0295 | C8: 0.8108 | D8: 0.0451 | E8: 17.1667 | F8: 7.4861 | G8: 1 | H8: 27
A9: Track00008 | B9: 생성 실패 (재시도 필요)
A10: Track00009 | B10: 0.0258 | C10: 0.8026 | D10: 0.0281 | E10: 1.9365 | F10: 9.381 | G10: 20 | H10: 12
A11: Track00010 | B11: 0.0016 | C11: 0.7984 | D11: 0.1136 | E11: 19.1833 | F11: 10.15 | G11: 0 | H11: 8
A12: Track00011 | B12: 0.0203 | C12: 0.6744 | D12: 0.1581 | E12: 17.9189 | F12: 7.8919 | G12: 2 | H12: 24
A13: Track00012 | B13: 0.0086 | C13: 0.5505 | D13: 0.0735 | E13: 27.4932 | F13: 7.9315 | G13: 0 | H13: 38
A14: Track00013 | B14: 0.0344 | C14: 0.7173 | D14: 0.0386 | E14: 19.5843 | F14: 9.5056 | G14: 1 | H14: 19
A15: Track00014 | B15: 0.0456 | C15: 0.768 | D15: 0.0123 | E15: 13.661 | F15: 8.4068 | G15: 1 | H15: 12
A16: Track00015 | B16: 0.0484 | C16: 0.8047 | D16: 0.0593 | E16: 14.3167 | F16: 9.2833 | G16: 3 | H16: 12
A17: Track00016 | B17: 0.0142 | C17: 0.6309 | D17: 0.0031 | E17: 29.9531 | F17: 9.8281 | G17: 6 | H17: 21
A18: Track00017 | B18: 0.0298 | C18: 0.614 | D18: 0.0939 | E18: 18.3412 | F18: 7.2235 | G18: 3 | H18: 48
A19: Track00018 | B19: 0.0036 | C19: 0.9042 | D19: 0.0014 | E19: 3.2893 | F19: 8.1405 | G19: 88 | H19: 49
A20: Track00019 | B20: 0.0176 | C20: 0.7812 | D20: 0.0732 | E20: 15.3818 | F20: 10.4545 | G20: 5 | H20: 14
A21: Track00020 | B21: 0.0896 | C21: 0.768 | D21: 0.0227 | E21: 8.1716 | F21: 3.6642 | G21: 1 | H21: 36
A22: 평균 | B22: =AVERAGE(B2:B21) | C22: =AVERAGE(C2:C21) | D22: =AVERAGE(D2:D21) | E22: =AVERAGE(E2:E21) | F22: =AVERAGE(F2:F21) | G22: =AVERAGE(G2:G21) | H22: =AVERAGE(H2:H21)
A24: ↑ 높을수록, ↓ 낮을수록 원곡에 가까움. (원)=원래 파트, (생)=MIDI-GPT 생성 파트. 출처: eval_results.csv (eval_generation.py, yellow_medium, BabySlakh 20곡)
